<?xml version="1.0" encoding="UTF-8"?>

<Requirements xmlns="http://hl7.org/fhir">
  <id value="provide-a-vhl-to-a-receiver"/>
  <text>
    <status value="generated"/><div xmlns="http://www.w3.org/1999/xhtml"><p class="res-header-id"><b>Generated Narrative: Requirements provide-a-vhl-to-a-receiver</b></p><a name="provide-a-vhl-to-a-receiver"> </a><a name="hcprovide-a-vhl-to-a-receiver"> </a><a name="provide-a-vhl-to-a-receiver-en-US"> </a><p>These requirements apply to the actor <a href="ActorDefinition-Holder.html">Holder</a></p><table class="grid"/></div>
  </text>
  <url value="http://smart.who.int/trust-phw/Requirements/provide-a-vhl-to-a-receiver"/>
  <version value="0.1.0"/>
  <title value="Provide VHL or VDHC"/>
  <status value="active"/>
  <date value="2025-02-26T21:28:25+00:00"/>
  <publisher value="WHO"/>
  <contact>
    <name value="WHO"/>
    <telecom>
      <system value="url"/>
      <value value="http://who.int"/>
    </telecom>
  </contact>
  <description value="Is able to provide a VHL authorization mechanism or a VDHC to a VHL Receiver"/>
  <jurisdiction>
    <coding>
      <system value="http://unstats.un.org/unsd/methods/m49/m49.htm"/>
      <code value="001"/>
      <display value="World"/>
    </coding>
  </jurisdiction>
  <actor value="http://smart.who.int/trust-phw/ActorDefinition/Holder"/>
</Requirements>